file	title	goal	abstract
1988_standing_and_the_privatization_of_public_law	
1995_eighteenth_century_presidency_in_a_twenty-first_century_world_an	
2001_statistics_not_experts	
1993_against_interest-group_theory_a_comment_on_peltzman_the_political_economy_of_the_decline_of_american_public_education	
1999_cognition_and_cost-benefit_analysis	
1989_administrative_law_symposium_question__answer_with_professors_elliott_strauss_and_sunstein	
1992_hans	
1998_democratic_formalism_a_matter_of_interpretation	
2002_taking_issue	
1996_political_deliberation_affirmative_action_and_the_supreme_court	
1989_interpreting_statutes_in_the_regulatory_state	
1995_problems_with_rules	
1997_bad_deaths	
1999_standing_for_animals	
1999_private_broadcasters_and_the_public_interest_notes_toward_a_third_way	
1999_informational_regulation_and_informational_standing_akins_and_beyond	
1999_behavioral_law_and_economics_a_progress_report	
1997_from_theory_to_practice_order_of_the_coif_lecture_response	
2002_why_they_hate_us_the_role_of_social_dynamics_law_and_the_war_on_terrorism	
2000_solidarity_in_consumption	
1999_winner-take-less_codes_the_case_of_private_broadcasting_interdisciplinary_program_series	
1994_well-being_and_the_state	
1992_the_senate_the_constitution_and_the_confirmation_process	
1993_remembering_tm	
1993_standing_injuries	
1999_the_wages_of_stardom_law_and_the_winner-take-all_society_a_debate	
2002_on_a_danger_of_deliberative_democracy	
1996_right_to_die_the	
1996_general_propositions_and_concrete_cases_with_special_reference_to_affirmative_action_and_free_speech_oliver_wendell_holmes_devise_lecture_symposium	
2003_libertarian_paternalism	
2002_state_action_is_always_present	
2005_correspondence_testing_minimalism_a_reply	
1995_using_common_law_principles_in_regulatory_schemes_with_a_note_on_victimology	
1995_constitutional_anomaly_in_the_czech_republic_a_special_reports	
1995_theodore_i_koskoff_lecture_series_social_norms_and_big_government_the_lecture	
2001_the_arithmetic_of_arsenic	
1992_informing_america_risk_disclosure_and_the_first_amendment	
2001_academic_fads_and_fashions_with_special_reference_to_law	
1998_second-order_decisions	
1999_are_juries_less_erratic_than_individuals_deliberation_polarization_and_punitive_damages	
1996_constitutional_myth-making_lessons_from_the_dred_scott_case	
1998_impeaching_the_president_essay	
2000_television_and_the_public_interest	
2004_black_on_brown	
1997_how_law_constructs_preferences	
1990_republicanism_rights_a_comment_on_pangle	
1993_half-truths_of_the_first_amendment	
1990_law_and_administration_after_chevron	
2004_fear_and_liberty	
1999_professors_and_politics	
2004_precautions_against_what_the_availability_heuristic_and_cross-cultural_risk_perceptions	
1996_constitutional_caution_the_law_of_cyberspace	
1993_liberalism_speech_codes_and_related_problems	
1999_doing_without_speed_limits	
2000_on_philosophy_and_economics	
1996_the_supreme_court_1995_term	
1999_must_formalism_be_defended_empirically_	
1998_is_tobacco_a_drug_administrative_agencies_as_common_law_courts	
1993_changing_constitutional_powers_of_the_american_president_feature_forum_the_evolving_presidency_in_eastern_europe	
1990_paradoxes_of_the_regulatory_state	
2004_valuing_life_a_plea_for_disaggregation	
1999_availability_cascades_and_risk_regulation	
1999_is_the_clean_air_act_unconstitutional	
2001_is_cost-benefit_analysis_for_everyone	
1995_free_speech_and_democracy_proceedings_keynote_address	
2003_what_did_lawrence_hold_of_autonomy_desuetude_sexuality_and_marriage	
1999_affirmative_action_caste_and_cultural_comparisons	
2003_libertarian_paternalism_is_not_an_oxymoron	
2005_justice_breyers_democratic_pragmatism	
1999_two_phone_calls	
1991_preferences_and_politics	
1999_from_consumer_sovereignty_to_cost-benefit_analysis_an_incompletely_theorized_agreement	
2001_order_without_law	
1993_conflicting_values_in_law	
1994_panel_ii_public_versus_private_environmental_regulation_-_fourth_panelist	
2003_statistics_not_memories_what_was_the_standard_of_care_for_administering_antenatal_steroids_to_women_in_preterm_labor_between_1985_and_2000	
2005_deterring_murder_a_reply_ethics_and_empirics_of_capital_punishment	
1995_on_legal_theory_and_legal_practice	
2002_inequality_and_indignation	
2002_interpretation_and_institutions	
1993_words_conduct_caste	
1987_constitutionalism_after_the_new_deal	
1992_on_truisms_and_constitutional_obligations_a_response	
2004_liberty_after_lawrence	
1994_incommensurability_and_valuation_in_law	
2005_irreversible_and_catastrophic_global_warming_terrorism_and_other_problems_eleventh_annual_lloyd_k_garrison_lecture_on_environmental_law	
2002_enforcing_existing_rights_introduction	
1999_lessons_from_a_debacle_from_impeachment_to_reform	
1995_what_the_civil_rights_movement_was_and_wasnt	
1992_on_marshalls_conception_of_equality_tribute	
1997_assessing_punitive_damages	
1997_note_on_voluntary_versus_involuntary_risks_a_second_annual_cummings_colloquium_on_environmental_law_risk_in_the_republic_comparative_risk_analysis_and_public_policy_making_risk_policy_in_the_face_of_expertpublic_conflicts	
2001_the_laws_of_fear	
1995_five_theses_on_originalism	
1997_which_risks_first_rethinking_environmental_protection_for_the_21st_century	
1995_reinventing_the_regulatory_state	
2004_are_poor_people_worth_less_than_rich_people_disaggregating_the_value_of_statistical_lives	
2002_hazardous_heuristics	
1994_a_new_deal_for_speech	
1996_social_norms_and_social_roles	
1998_theories_and_tropes_a_reply_to_posner_and_kelman	
2001_legal_reasoning_and_artificial_intelligence_how_computers_think_like_lawyers	
1994_rules_and_rulelessness	
2004_dollars_and_death	
2005_a_new_progressivism	
2002_beyond_the_precautionary_principle	
1998_a_behavioral_approach_to_law_and_economics	
1991_constitutionalism_and_secession	
2001_social_and_economic_rights_lessons_from_south_africa	
2002_military_tribunals_and_legal_culture_what_a_difference_sixty_years_makes	
2002_the_rights_of_animals_a_very_short_primer	
2002_a_new_executive_order_for_improving_federal_regulation_deeper_and_wider_cost-benefit_analysis	
2000_culture_and_government_money_a_guide_for_the_perplexed	
2000_cost-benefit_default_principles	
1993_endogenous_preferences_environmental_law	
2003_lives_life-years_and_willingness_to_pay	
2005_celebrating_god_constitutionally	
1988_sexual_orientation_and_the_constitution_a_note_on_the_relationship_between_due_process_and_equal_protection_essays	
2002_is_there_a_constitutional_right_to_clone	
1995_incompletely_theorized_agreements	
1990_republicanism_and_the_preference_problem	
1993_in_defense_of_liberal_education_multiple_cultures_and_the_law_do_we_have_a_legal_canon	
1992_whats_standing_after_lujan_of_citizen_suits_injuries_and_article_iii	
1994_political_equality_and_unintended_consequences	
2000_statistics_not_experts	
2005_beyond_marbury_the_executives_poer_to_say_what_the_law_is	
2002_outrage_leary_lecture	
2001_of_artifical_intelligence_and_legal_reasoning	
1990_why_the_unconstitutional_conditions_doctrine_is_an_anachronism_with_particular_reference_to_religion_speech_and_abortion	
2004_the_right_to_marry	
1994_the_anticaste_principle	
2003_terrorism_and_probability_neglect	
1997_behavioral_analysis_of_law	
2001_foreword_on_academic_fads_and_fashions	
2004_minimalism_at_war	
1995_the_idea_of_a_useable_past	
2004_constitutive_commitments_and_roosevelts_second_bill_of_rights_a_dialogue	
2000_cost-benefit_analysis_and_relative_position	
1999_law_s_expressive_function	
1989_six_theses_on_interpretation_symposium	
1997_introduction_-_the_legitimacy_of_constitutional_courts_notes_on_theory_and_practice_feature_questioning_constitutional_justice_introduction	
2003_lochnering	
1993_article_ii_revisionism_correspondence	
1993_liberal_constitutionalism_and_liberal_justice_response	
1989_on_the_costs_and_benefits_of_aggressive_judicial_review_of_agency_action	
2002_the_perception_of_risk	
1998_shared_outrage_and_erratic_awards_the_psychology_of_punitive_damages	
2005_irreversible_and_catastrophic	
1993_on_analogical_reasoning	
1994_economic_incentives_environmental_law_and_democracy	
1992_free_speech_now	
1996_congress_constitutional_moments_and_the_cost-benefit_state_legislative_foreword	
1993_information_please_feature	
1988_feminism_unmodified	
2005_ranking_law_schools_a_market_test	
2002_avoiding_absurdity_a_new_canon_in_regulatory_law_with_notes_on_interpretive_theory	
1997_the_right_to_die	
2004_market_efficiency_and_rationality_the_peculiar_case_of_baseball_2004_survey_of_books_relating_to_the_law	
1989_low_value_speech_revisited	
2002_conformity_and_dissent	
1990_unity_and_plurality_the_case_of_compulsory_oaths	
1993_myth_of_the_unitary_executive_the_docket_proceedings_from_the_administrative_conference_of_the_united_states	
1992_neutrality_in_constitutional_law_with_special_reference_to_pornography_abortion_and_surrogacy	
2001_predictably_incoherent_judgments	
1992_something_old_something_new_feature	
1992_in_memoriam_hans	
2005_the_availability_heuristic_intuitive_cost-benefit_analysis_and_climate_change	
2005_administrative_law_goes_to_war	
1999_the_law_of_group_polarization	
2002_manhattan_the_vast_wasteland_revisited	
1990_principles_not_fictions_exchange	
1997_the_autonomy_of_law_in_law_and_economics	
1999_testimony_before_the_u_s_house_judiciary_committee	
1999_do_people_want_optimal_deterrence	
1998_risk_assessment_resource_allocation_and_fairness_evidence_from_law_students	
2000_group_dynamics	
2001_probability_neglect_emotions_worst_cases_and_law	
2004_national_security_liberty_and_the_dc_circuit_recent_decisions_of_the_united_states_court_of_appeals_for_the_district_of_columbia_circuit	
2005_is_capital_punishment_morally_required__the_relevance_of_life-life_tradeoffs	
1995_introduction_feature_right_after_communism_introduction	
2005_problems_with_minimalism	
2001_regulating_risks_after_ata	
2005_fast_frugal_and_sometimes_wrong	
1988_beyond_the_republican_revival	
1987_the_beard_thesis_and_franklin_roosevelt	
1989_introduction_notes_on_feminist_political_thought	
1989_the_first_amendment_and_cognition_a_response	
1993_against_positive_rights_feature	
2004_debiasing_through_law	
1994_the_president_and_the_administration	
2003_affirmative_action_in_higher_education_why_grutter_was_correctly_decided	
1991_three_civil_rights_fallacies	
1998_bad_incentives_and_bad_institutions	
2004_cost-benefit_analysis_and_the_environment	
2001_on_academic_fads_and_fashions_2001_survey_of_books_relating_to_the_law_foreword	
2001_switching_the_default_rule	
2003_why_does_the_american_constitution_lack_social_and_economic_guarantees	
2003_moral_heuristics	
2000_deliberating_about_dollars_the_severity_shift_empirical_study	
2000_american_advice_and_new_constitutions_global_affairs_experiences	
1996_health-health_tradeoffs	
2003_ideological_voting_on_federal_courts_of_appeals_a_preliminary_investigation	
1991_democratizing_america_through_law	
1991_administrative_substance_twenty-second_annual_administrative_law_issue	
1987_changing_conceptions_of_administration	
2000_deliberative_trouble_-_why_groups_go_to_extremes	
1991_what_judge_bork_should_have_said	
2005_frugal_and_sometimes_wrong	
1996_the_cost-benefit_state	
2003_interpretive_theory_in_its_infancy_a_reply_to_posner	
2005_chevron_step_zero	
2000_human_behavior_and_the_law_of_work	
1989_is_there_an_unconstitutional_conditions_doctrine	
1994_homosexuality_and_the_constitution	
1999_second-order_decisions	
2001_symposium_legal_reasoning_and_artificial_intelligence_how_computers_think_like_lawyers	
2001_in_praise_of_numbers_a_reply	
1991_on_property_and_constitutionalism	
2002_whats_available_-_social_influences_and_behavioral_economics_empirical_legal_realism_a_new_social_scientific_assessment_of_law_and_human_behavior	
1990_political_economy_administrative_law_a_comment_comment	
2005_confusing_rights_a_reply_to_hocutt	
2005_on_discounting_regulatory_benefits_risk_money_and_ingergenerational_equity	
1987_judicial_review_of_administrative_action_in_a_conservative_era	
2000_should_the_government_recognize_same-sex_marriage_session_two_legal_equitable_and_political_issues	
1995_rights_and_their_critics_propter_honoris_respectum	
2002_is_incoherence_outrageous	
2002_the_equal_chance_to_have_one's_vote_count	
2004_company_stock_market_rationality_and_legal_reform	
1996_public_deliberation_affirmative_action_and_the_supreme_court	
2004_group_judgments_deliberation_statistical_means_and_information_markets	
1999_nondelegation_canons	
1995_the_first_amendment_in_cyberspace	
1987_lochners_misunderstood_legacy	
2005_boundedly_rational_borrowing_a_consumers_guide	
1990_norms_in_surprising_places_the_case_of_statutory_interpretation	
2004_on_the_psychology_of_punishment	
